ItemNum,CatalogPage
0159A/401127/20cm,
017/5/44 Chrome,
017/5/44 Gold,
0935/2508/30,
1015P17-7-129,367
1015P2-1-129,368
1015P26-19-129,368
1015P32-10-129,368
1016P43-6-129,365
1017P32-12-129,366
1017P32-12-129-A,366
1019P39-3-143,364
1019P43-6-143,364
1020P12-8--602,505
1020P26-25-602,504
1020P36-16-602,506
1020P39-45-602,504
1020P39-70-602,503
1020W18-8-602,506
1020W36-17-602,506
1026P16-4-193,156
1026P23-6-193,155
1026P37-4-193,158
1026P41-8-193,156
1026P7-1-193,157
1026W8-2-193,158
1027C23-6-601,164
1027P20-3-601,164
1027P26-9-601,164
1027P32-12-601,163
1030P17-4-217,19S1 / 126
1030P20-3-217,19S1 / 126
1030P24-4-217,19S1 / 125
1030P34-4-217,19S1 / 124
1030P47-5-217,19S1 / 123
1030W8-1-217,19S1 / 126
1032P18-9-601-S,750
1032P22-12-601-S,749
1032P31-12-601-RC,748
1032P39-14-601-RC,748
1032P46-16-601-RC,747
1032P6-1-601-S,750
1033P18-4-230,170
1033P36-4-230,167
1033P51-8-230,168
1033P6-1-230,169
1033W6-1-230,170
1034C20-6-620,076
1034C40-8-620,075
1034P16-6-620,073
1034P30-9-620,074
1034P40-14-620,074
1034W8-2-620,076
1035P36-6-101,175
1035P36-6-606,176
1040 crystal,
1040P16-101,094
1040P16-251,096
1040P20-101,094
1040P20-251,096
1040P26-101,094
1040P26-251,096
1040P32-101-O,096
1040P32-251-O,096
1040P42-101-O,093
1040P42-251-O,095
1042P17-601-R,130
1042P25-601-2R,130
1042P25-601-R,130
1042P32-601-3R,129
1042P32-601-R,130
1043P16-101,098
1043P24-101,098
1043P32-101-RC,099
1043P32-3-101,097
1043P34-101-RC,100
1043P42-3-101,098
1043P44-101-RC,100
1043P45-101-RC,100
1043W12-101,100
1044P20-601-R-2C,123
1044P24-601-R-5C,122
1044P24-601-R-6C,119
1044P32-601-R-1C,124
1044P32-601-R-2C-B,120
1044P32-601-R-3C,121
1046P20-19-601,118
1046P20-3-601,113
1046P26-5-601-RC,115
1046P32-9-601-RC,117
1046P34-6-601,109
1046P37-6-601,114
1046P37-7-601-RC,116
1046P42-4-601,113
1046P43-5-601-RC,110
1050/14mm Champagne with bow tie,
1050/14mm Champagne with ring,
1050/14mm Champagne/Clear with bow ,
1050/14mm clear with chrome butterfly,
1050/14mm clear with Gold butterfly,
1050/14mm clear with ring,
1050/14mm Smoke with ring,
1050/14mm Smoke/clear with Bow Tie,
1054P17-601,102
1054P28-601,102
1054P31-601,101
1057P24-8-601,128
1057P32-12-601,128
1057P40-16-601,127
1061P22-6-601,19S1 / 91
1061P28-8-601,19S1 / 92
1061P31-8-601-O,19S1 / 92
1061P34-8-601-RC,19S1 / 94
1061P47-10-601-O,19S1 / 93
1061P47-10-601-RC,19S1 / 94
1061W13-2-601,19S1 / 96
1061W29-4-601,19S1 / 96
1063P16-605,090
1063P24-605,089
1063P32-605,090
1063P39-605-RC,088
1063P47-605-RC,087
1063W12-605,092
1063W24-605,092
1063W32-605,092
1065P16-4-601,140
1065P24-6-601,140
1065P28-12-601,140
1065P28-15-601,139
1065P33-8-601-RC,142
1065P47-10-601-RC,141
1065W21-3-601,142
1065W8-1-601,142
1066C16-3-126,162
1066C20-4-126,162
1066P16-3-126,161
1066P20-4-126,162
1066P34-6-126,160
1066P43-8-126,159
1066W24-4-126,160
1068C20-3-620,081
1068C28-5-620,081
1068P10-1-620,079
1068P18-6-620,080
1068P28-7-620,078
1068P45-16-620,080
1068W10-2-620,082
1068W24-6-620,082
1070P16-5-601,19S1 / 112
1070P22-9-601,19S1 / 111
1070P30-13-601,19S1 / 110
1070P42-10-601,19S1 / 109
1070W11-2-601,19S1 / 112
1070W16-3-601,19S1 / 112
1084P44-601-RC-1C,126
1084P52-601-RC-1C,126
1084P52-601-RC-2C,125
1085P39-601-RC-1C,19S1 / 54
1085P47-601-RC-2C,19S1 / 54
1085P59-601-RC-2C,19S1 / 54
1085P71-601-RC-2C,19S1 / 53
1086P18-601,136
1086P26-601,136
1086P26-601-RC,134
1086P32-601,136
1086P32-601-O,136
1086P34-601-RC,134
1086P50-601-O,135
1086P50-601-RC,133
1086W12-601,138
1086W18-601,138
1086W24-601,138
1087P20-7-620,086
1087P40-12-620,084
1087P58-15-620,083
1087P8-1-620,085
1087W12-2-620,086
1087W17-2-620,086
1090P16-6-269,144
1090P16-6-620,150
1090P20-10-269,144
1090P20-10-620,150
1090P24-6-269-O,145
1090P24-6-620-O,151
1090P32-16-269,143
1090P32-16-620,149
1090P40-10-269-O,146
1090P40-10-620-O,152
1090P5-1-269-A,148
1090P5-1-269-B,148
1090P5-1-620-A,154
1090P5-1-620-B,154
1090P6-1-269,148
1090P6-1-620,154
1090W14-2-269,148
1090W14-2-620,154
1090W21-3-269,148
1090W21-3-620,154
1090W5-1-269,148
1090W5-1-620,154
1091P21-8-601,165
1091P24-10-601,166
1091P32-12-601,166
1094P26-12-620,069
1094P26-6-620,070
1094P43-12-620,071
1094P47-10-620,072
1094W10-2-620,070
1094W11-3-620,070
1098P10-1-267,19S1 / 128
1098P10-1-601,19S1 / 130
1098P15-1-267,19S1 / 127
1098P15-1-601,19S1 / 129
1098P19-1-267,19S1 / 128
1098P19-1-601,19S1 / 130
1099P16-6-613,012
1099P24-8-613,010
1099P32-10-613,011
1099P32-24-613,009
1099W17-3-613,012
1099W8-1-613,012
1100P16-4-169,004
1100P24-10-169,001
1100P24-6-169,002
1100P32-8-169,003
1100W10-1-169,004
1100W18-3-169,004
1103P16-10-619,034
1103P20-13-619,033
1103P38-36-619,038
1103P40-10-619,036
1103P40-36-619,035
1103P40-6-619,036
1103P5-1-619,037
1108P24-613,014
1108P32-2-613,013
1108P32-613,014
1108W12-613,014
1112P12-4-169,018
1112P16-4-169,016
1112P24-7-169,016
1112P32-12-169,017
1112P38-9-169,015
1112W17-3-169,018
1112W8-1-169,018
1114P12-1-271,068
1114P16-1-271,068
1114P20-1-271,068
1114P8-1-271,068
1124P14-1-613,064
1124P14-1-622,066
1124P9-1-613,064
1124P9-1-622,066
1124T10-1-613,064
1125C16-4-268,026
1125C16-4-613,022
1125C24-9-268,025
1125C24-9-613,022
1125P16-8-268,024
1125P16-8-613,020
1125P24-11-268,024
1125P24-11-613,019
1125P36-10-268,026
1125P36-10-613,021
1125P39-17-268,023
1125P39-17-613,020
1125W8-1-268,026
1125W8-1-613,022
1131P12-613,048
1131P20-2-613,046
1131P20-613,047
1131P28-3-613,045
1131P28-613,047
1137P10-3-613,006
1137P16-8-613,006
1137P26-10-613,008
1137P40-16-613,007
1137W10-1-613,006
1137W18-4-613,006
1143P12-1-270,056
1143P16-1-270,056
1143T12-1-270,056
1144F21-3-270,042
1144P12-4-270,040
1144P24-16-270,041
1144P33-5-270,040
1144P40-10-270,039
1144P5-1-270,042
1144T15-1-270,042
1145P16-3-613,050
1145P17-4-613-A,050
1145P17-4-613-B,050
1147P10-1-101,058
1147P26-3-101,060
1147P45-6-101,060
1147P6-1-101,058
1147W16-3-101,058
1147W5-1-101,058
1148P10-1-613,054
1148P10-1-624,054
1148P12-1-613,054
1148P12-1-624,054
1153P10-1-169,2019-S2 / 058
1153P16-3-169,2019-S2 / 058
1153P24-6-169,2019-S2 / 057
1153T10-1-169,2019-S2 / 058
1153T10-1-169-A,2019-S2 / 058
1153W10-1-169,2019-S2 / 058
1153W9-1-169,2019-S2 / 058
1154P13-5-601,029
1154P37-9-601,030
1154P39-10-601,031
1154P42-10-601-R,028
1154P43-12-601-O,027
1154T25-3-601,032
1154W11-3-601,031
1156P16-625,044
1156P4-625,044
1156P6-625,044
1156P9-625,044
1161P12-10-624,062
1161P12-6-624,062
1232W30-36-A,
1232W30-36-B-3000K,
1232W30-36-B-6000K,
1232W30-49-A,
1232W30-49-B-3000K,
1232W30-49-B-6000K,
1232W32-40-A,
1232W32-40-B-3000K,
1232W32-40-B-6000K,
1232W36-36-A,
1232W36-36-B-3000K,
1232W36-36-B-6000K,
1232W40-36-A,
1232W40-36-B-3000K,
1232W40-36-B-6000K,
1232W58-36-A,
1232W70-36-A,
1233W30-36,
1233W30-49,
1233W32-40,
1233W36-36,
1233W40-36,
1233W58-36,
1233W70-36,
1234W22-O,
1235W24,
"13815T16C-18""",
"13815T16C-29""",
"13815T16G-18""",
"13815T16G-29""",
2011P24AB-6,917
2011P30AB-8,918
2011P36AB-12,918
2012P30AB-8,925
2013P26AB-6,916
2013P36AB-12,915
2014P24AB-6,926
2015P30AB-8,927
2015W16AB-2,928
2015W5AB-1,928
2016C24AB-6,930
2016C30AB-8,930
2016P37AB-10,929
2016P37C-10,856
2016P37W-10,884
2016P46B-12,885
2016P46C-12,855
2016P46S-12,885
2016P54C-14,856
2016P54S-14,883
2016P54W-14,883
2016W15C-2,856
2016W16AB-2,930
2016W5AB-1,930
2016W5C-1,856
2020 Master Catalogue,
2021W13AB-2,911
2021W9AB-1,912
2022P30AB-8,
2022W16AB-2,928
2022W5AB-1,928
2024P24C-6,864
2024P28C-12,866
2024P35C-15,865
2024P40C-18,863
2025W14C-2,864
2025W5C-1,864
2026C24C-6,866
2026C30C-8,866
2030P14AB-5,1042
2030P14GB-5,1042
2031P14AB-4,912
2031P14GB-4,912
2033P14AB-4,1041
2034P18AB-5,912
2034P18GB-5,912
2035P18AB-6,913
2035P18GB-6,913
2036P12AB-4,V3/6
2036P12GB-4,V3/6
2037P14AB-4,914
2038P14AB-3,912
2038P14GB-3,912
2038W9AB-2,912
2039P18AB-5,911
2039P18GB-5,911
2039P30AB-16,910
2039P30GB-16,910
2039P40AB-24,909
2039P40GB-24,909
2039W13AB-3,911
2039W13GB-3,911
2039W18AB-4,911
2039W18GB-4,911
2039W8AB-2,911
2039W8GB-2,911
2048C13AB,922
2048C13GB,922
2048C22AB,921
2048C22GB,921
2048P25AB-9,920
2048P40AB-24,919
2050W5AB-1,912
2050W5GB-1,912
220/130/1230,
3 Pendent canopy,
4101P27C-RC Clear,801
4101P35C-O(Clear),802
4281p   round canopy,
4281p   Square canopy,
4281p   STRANDS,
4281P-R-O Clear crystal,780
4281P-R-R Clear crystal,780
4281P-R-S Black/clear,V5/168
4281P-R-S Clear crystal,780
4281W-R-R (Clear),782
4281W-S-S (Clear),782
4282P-R-S Clear crystal,V5/168
4282W Canopy only,
4283W-RC-R (Clear),782
4283W-RC-S (Clear),782
4284P-RC-S Clear crystal,V5/168
4284W-RC-R (Clear),V5/167
4284W-RC-S (Smoke/clear),V5/167
4285P-RC- (canopy only),
4285P-RC-R Clear crystal,V5/168
4285W-RC-R (Clear),V5/167
4285W-RC-S (Clear),V5/167
4286P-RC- (canopy only),
4286P-RC-S Clear crystal,V5/168
4286W-RC-R (Clear),808
4286W-RC-S (Clear),808
4708/8065/26.5cm,
4755/0051/26cm,
4756/0051/26cm,
4756/0051/32cm,
488/334/455,
5 Pendent canopy,
"5002/20"" (W)  centerpiece",
5002F20C(B),702
5002F20C(W),702
5002P22C(B),710
5002P22C(S),710
5002P22C(W),710
5002P24C(B),702
5002P24C(W),702
5002T20C(B),702
5002T20C(W),702
5003F16C(B) ,V004/141
"5004/35"" (B) centerpiece",
"5004/35"" (W) centerpiece",
5004T13C(B),V4/144
5005P32C(B-C),694
5005P32C(B-S),685
5005P32C(S-C),686
5005P32C(S-S),693
5005P32C(W-C),686
5005P32C(W-S),686
5005P40C(B-C),690
5005P40C(S-C),690
5005P40C(W-C),690
5005P40C(W-S),690
5005P48C(B-S),688
5005P48C(S-C),688
5005P48C(W-C),687
5005W12C-RC (B),698
5005W12C-RC (S),698
5005W12C-RC (W),698
5005W18C-RC (B),692
5005W18C-RC (S),692
5005W18C-RC (W),692
5005W24C-RC (B),692
5005W24C-RC (S),692
5005W24C-RC (W),692
5005W32C-RC (B),692
5005W32C-RC (S),692
5005W32C-RC (W),692
5006C10C-R (B),682
5006C10C-R (S),682
5006C10C-R (W),682
5006C14C-R (B),681
5006C14C-R (S),682
5006C14C-R (W),682
5006P18C-R(B),679
5006P18C-R(S),680
5006P18C-R(W),680
5006P22***WHITE SHADE***,
5006P22C-R(B),680
5006P22C-R(S),680
5006P22C-R(W),680
5006P24C-RC-3 (B),688
5006P24C-RC-3 (S),688
5006P24C-RC-3 (W),688
5006P33C-4 (B),687
5006P33C-4 (S),687
5006P33C-4 (W),687
5006P6C-R (B),684
5006P6C-R (S),684
5006P6C-R (W),684
5006P6C-S (B),684
5006P6C-S (S),684
5006P6C-S (W),684
5006W12C-2 (B),690
5006W12C-2 (S),690
5006W12C-2 (W),690
5006W18C-3 (B),690
5006W18C-3 (S),690
5006W18C-3 (W),690
5006W24C-4 (B),690
5006W24C-4 (S),690
5006W24C-4 (W),690
5006W5C-1 (B),684
5006W5C-1 (S),684
5006W5C-1 (W),684
5008C16ST-R,760
5008C22ST-R,759
5008C32ST-O,760
5008P16ST-R,758
5008P22**** shade****,
5008P22ST-R,758
5008P32ST-O,757
5008P6ST,758
5008W12ST-RC,782
5008W16ST-R-2,762
5008W16ST-S-2,781
5008W23ST-S-3,781
5008W25ST-R-3,762
5008W26ST-O,762
5008W31ST-S-4,781
5008W32ST-O,762
5008W34ST-R-4,762
5008W39ST-S-5,782
5008W42ST-R-5,762
5008W7ST-R-1,761
5008W7ST-RC,782
5008W8ST-S-1,781
5011C18C (Clear),790
5011F15C (Clear),789
5011P16C (Clear),788
5011P24C-R (Clear),V4/246
5011P48C-RC (Smoke),V4/246
5011P9C-R (Clear),790
5011T9C (Clear),790
5021W7B(C),815
5021W7B-L(C),816
5021W7B-R(C),816
5021W7B-R(G),V4/334
5022P17C,638
5025P10C-3,538
5025P16C-4,538
5025P22C-5,536
5025P28C-6,537
5025P34C-8,535
5025W10C-1,536
5025W10C-2,536
5026C23C,799
5032C30G,V1/81
5034C24C-S,792
5034C32C-S,792
5035C24C-R,794
5035C24C-S,794
5035C32C-R,794
5035C38C-R,794
5036C32C,793
5037P6C-R-A,V3/230
5039C13C,802
5039C17C,802
5043C16C,826
5043C35C,825
5049C14AB,924
5049C18AB,924
5049C18C,1052
5049P14AB,923
5049P14C,1052
5049P18AB,923
5050C16C,800
5050C24C,800
5050C32C,828
5051C28C-RC,795
5051C39C-RC,795
5052C16C-R,798
5052C16C-S,796
5052C20C-R,798
5052C20C-S,796
5052C24C-R,797
5052C24C-S,796
5061C22***GOLD SHADE***,
5061C22C-W,694
5061C22GB,696
5061C28GB,704
5061P22C-B,701
5061P22C-W,693
5061P22GB,695
5061P28C-B,702
5061P28C-W,694
5061P28GB,704
5061W16C-B,702
5061W16C-W,694
5061W16GB,696
5062 canopy,
5062C12C (Chp + G),714
5062C12C (Clear + W),714
5062C12C (Smoke + B),714
5062C16***Black Shade***,
5062C16***WHITE SHADE***,
5062C16C (Chp + G),714
5062C16C (Clear + W),714
5062C16C (Smoke + B),714
5062C16C (Smoke + W),V4/126
5062C20C (Clear + B),V004/122
5062C20C (Clear + G),721
5062C20C (Clear + W),706
5062C20C (Smoke + B),709
5062C24C (Clear + B),V4/122
5062C24C (Clear + G),722
5062C24C (Clear + W),706
5062C24C (Smoke+ B),710
5062P20C (Chp + G),V4/121
5062P20C (Clear + BK),V4/122
5062P20C (Clear + G),722
5062P20C (Clear + W),705
5062P20C (Smoke + BK),710
5062P24C (Chp + G),V4/121
5062P24C (Clear + G),722
5062P24C (Clear + W),705
5062P24C (Smoke + B),710
5062P24C-3 (Chp + G),716
5062P24C-3 (Clear + W),716
5062P24C-3 (Smoke + B),716
5062P33C-4 (Chp + G),725
5062P33C-4 (Clear + G),V4/127
5062P33C-4 (Clear + W),716
5062P33C-4 (Smoke + B),716
5062P33C-4 (Smoke + W),V4/127
5062P6C-1 (Chp + G),725
5062P6C-1 (Clear + B),716
5062P6C-1 (Clear + G),716
5062P6C-1 (Clear + W),716
5062P6C-1 (Smoke + B),726
5062P6C-1 (Smoke + W),V4/127
5062W12C-2 (Chp + G),726
5062W12C-2 (Clear + W),728
5062W12C-2 (Smoke + B),728
5062W18C-3 (Chp + G),726
5062W18C-3 (Clear + W),728
5062W18C-3 (Smoke + B),728
5062W24C-4 (Chp + G),718
5062W24C-4 (Clear + W),718
5062W24C-4 (Smoke + B),718
5062W5C-1 (Chp + G),718
5062W5C-1 (Clear + W),718
5062W5C-1 (Smoke + B),718
5063P26C (Chp + G),V3/22
5063P26C (Clear + G),712
5063P26C (Clear + W),704
5063P26C (Smoke+ B),708
5063P26C (Smoke+ W),708
5063P36C (Chp+ G),V3/20
5063P36C (Clear+ G),712
5063P36C (Clear+ W),704
5063P36C (Smoke+ B),708
5066P20C,662
5066P28C,662
5066P35C,662
5066P47C,661
5067C18C,664
5067C22C,664
5067P19C,664
5067P22C,664
5067P29C,663
5072C14C-S,778
5072C24C-R,778
5072C6C-R,776
5072P20C-RC,776
5072P28C-RC,798
5072P36C-RC,775
5072P5C-R,776
5073C22C,646
5073C28C,630
5073P20C,630
5073P26C,645
5075C18B,758
5075C18W,758
5075P16B,758
5075P16W,758
5075P18B,758
5075P18W,758
5075P24B,757
5075P24W,757
5077P10C-R,471
5077P16C-RC,472
5077P22C-RC,472
5077P24C-R,469
5077P28C-RC,472
5077P34C-O,470
5077P5C-R,472
5078C20C,770
5078C24C,770
5078P12C,768
5078P16C,768
5078P20C,769
5078P24C (Clear),766
5078P24C (Smoke),766
5078P32C (Clear),767
5078P32C (Cognac),767
5078P32C (Smoke),767
5078W12C,770
5080 square crystal,
5080C7ST,208
5080P15ST-S,211
5080P16ST-3R,207
5080P16ST-R,210
5080P20ST-2R,208
5080P20ST-R,210
5080P20ST-S,211
5080P24ST-2R,208
5080P24ST-R,209
5080P32ST-3R,208
5080W7ST,210
5081P10C-R,647
5081P20C-R,648
5081P20C-RC,650
5081P30C-RC,650
5081P40C-RC,649
5081P5C-R,648
5095P16B-3,862
5095P22B-6,862
5095P32B-9,861
5105W16C-2,V3/156
5106P14C-R,V3/158
5108P30C-6,V3/122
5108P36C-8,V3/122
5108P45C-15,V3/121
5109P16B,V3/147
5109P16W,V3/147
5109P18W,V3/147
5109P20B,V3/147
5109P24B,V3/147
5109P24W,V3/147
5110 round ring attaches to the egg,
5110P23C-RC,218
5110P24C-R,215
5110P34C-O,216
5110P36C-RC,217
5110P5C-R,216
5116P22B,V3/143
5116P7W,V3/145
5116W7W,V3/146
5201T17C,1063
5202T15S,1064
5206C16C,946
5206C22C,946
5206C22G,946
5206P22C,946
5206P28C,945
5206P28G,945
5206P40C,946
5207P16AB,V3/134
5207P8AB,V3/134
5208T15S,1063
5209C15B,556
5209C15N,556
5209P5B,529
5209P5SN,530
5209P6B,530
5209P6N,530
5209W6B,556
5209W6SN,556
5300F18C,658
5300P14C,657
5300P24C,658
5300T12C,658
5305P24C-6,515
5308P28C-5,514
5308P34C-6,513
5313T5B,
5313T5C,
5313T5G,
5313T5S,
5316P18C-3,742
5316P24C-6,742
5316P30C-8,741
5318C16ST (Black),730
5318C16ST (Off White),730
5318P20ST (Black),728
5318P20ST (Off White),728
5318P38ST (Black),726
5318P38ST (Off White),726
5318P6ST (Black),730
5318P6ST (Off White),730
5318W10ST (Black),728
5318W10ST (Off White),728
5319C12C,644
5319C14C-R,642
5319C16C,644
5319C18C-S,624
5319C20C,644
5319C20C-R,641
5319P20C,644
5319P20C-R,642
5319P32C-RC (Curvy),624
5319P32C-RC (Straight),642
5320C20C-S,639
5320C26C-S,640
5320P10C-S,638
5320P20C-S,638
5320P26C-S,638
5320P36C-RC,637
5320W10C,640
5320W18C,640
5320W24C,640
5335P16C (Black),705
5335P16C (White),698
5335P20C (Black),705
5335P20C (White),698
5335P24C (Black),705
5335P24C (White),698
5353P21C-3 Off White,V4/350
5410P20C,666
5410P24C,665
5417C24ST-RC-B,52
5417C24ST-RC-C,52
5417C34ST,51
5417P16ST-R,212
5417P20ST-R,212
5417P24ST-RC-A,212
5419C14ST-S,668
5419C16ST-R,668
5419C22ST-S,668
5419C26ST-R,667
5422C18C-R (Black),662
5422C18C-R (White),658
5422C22C-R (Black),662
5422C22C-R (White),658
5422C30C-O (White),658
5422C36C-O (White),657
5422P18C-R (Black),654
5422P18C-R (White),652
5422P22C-R (Black),654
5422P22C-R (White),652
5422P30C-O (Black),653
5422P30C-O (White),652
5422P36C-O (Black),654
5422P36C-O (White),651
5424C14C,954
5424C18C,953
5424C22C,954
5430P12ST-R,744
5430P16ST-R,746
5430P20ST-R,745
5430P23ST-R,746
5430P30ST-O,743
5430P6ST-R,744
5430W12ST,745
5442W12SN,568
5442W20SN,568
5442W26SN,568
5442W6SN,568
5443C14C (Black),722
5443C14C (Off White),722
5443C14C (Wine Red),722
5443C18C (Black),722
5443C18C (Off White),722
5443C18C (Wine Red),722
5443F16C (Black),724
5443F16C (Off White),724
5443F16C (Wine Red),724
5443P14***WHITE SHADE***,
5443P14C (Black),720
5443P14C (Off White),720
5443P14C (Wine Red),720
5443P18C (Black),720
5443P18C (Off White),719
5443P18C (Wine Red),720
5443T14C (Black),724
5443T14C (Off White),724
5443T14C (Wine Red),724
5444P16C-RC,468
5444P24C-R,465
5444P28C-RC,468
5444P34C-O,466
5444P5C-R,467
5445C18C-R,66
5445C20C-S,66
5445C28C-R,66
5445C28C-S,66
5445P32C-LED-10,65
5445P32C-LED-5,65
5446P20C-LED,220
5446P30C-LED,220
5446P32C-LED,219
5447P18C-R-LED,62
5447P32C-RC-LED,62
5452P20C-LED,60
5456P16C-4,486
5456P37C-6,485
5456P6C-1,486
5456W6C-1,486
5464F14DB-3,270
5464P18DB,272
5464P22DB-8,271
5464P24DB-8,142
5464P32DB-9,270
5464P40DB-12,269
5464T14DB-3,272
5464W12DB-1,272
5464W14DB-2,270
5465F14DB-3,284
5465P13-DB-3,282
5465P22DB,282
5465P28DB-8,282
5465P36DB-9,281
5465P42DB-12,283
5465T14DB-3,284
5465W12DB-1,284
5465W14DB-2,282
5475P20C-6 Black,699
5475P20C-6 Brown,700
5476F16C,656
5476P16C,656
5476P16C-S,640
5476P20C,656
5476P20C-9,655
5476P20C-S,639
5476T12C,656
5479C10SN-R,565
5479C24C-3,566
5479C28C-4,566
5479C30C-5,566
5479C8SN-R,566
5480P14C,480
5480P22C,480
5480P34C,479
5483P14B,756
5483P14W,742
5483P19B,756
5483P19W,742
5484P20C,V4/364
5504C12ST,552
5504C16ST,552
5504C20ST,524
5504C22ST,551
5504P12ST,550
5504P16ST,550
5504P20ST,522
5504P22ST,549
5504W7ST,552
5505C18C,959
5505C24C,960
5506P19C,961
5506P24C,962
5507C18C-3,868
5507C24C-6,867
5507W12C-2,868
5507W5C-1,868
5508T15AB,1061
5509T16BN,1062
5510T14BN,1062
5511T14BN,1062
5512T16BN,1060
5513T14BN,1060
5514T16BN,1062
5515T14BN,1060
5517T14SN,1059
5519C13C (Black),674
5519C13C (Off White),676
5519C17C (Off White),680
5519C19C (Beige),V4/80
5519C19C (Black),674
5519C19C (Off White),676
5519P13C (Black),674
5519P13C (Off White),676
5519P17***BLACK SHADE***,
5519P17C (Black),678
5519P17C (Off White),680
5519P19C (Black),673
5519P19C (Off White),676
5519P36C-O (Black),674
5519P36C-O (Off White),675
5519W19C-2 (Black),678
5519W19C-2 (Off White),678
5519W29C-3 (Black),681
5519W29C-3 (Gold),V4/88
5519W29C-3 (Off White),682
5519W29C-3 (Silver),V4/91
5519W39C-4 (Black),681
5519W39C-4 (Off White),682
5519W49C-5 (Black),681
5519W49C-5 (Gold),V4/88
5519W49C-5 (Off White),682
5519W8C-1 (Black),678
5519W8C-1 (Off White),678
5523C16C (Black),672
5523C16C (Off White),670
5523C16C (Red),V4/76
5523C16C (Silver),V4/71
5523C22C (Black),672
5523C22C (Off White),670
5523P16***BLACK SHADE***,
5523P16C (Beige),V4/70
5523P16C (Black),672
5523P16C (Off White),670
5523P22****Off White Shade****,
5523P22C (Black),672
5523P22C (Off White),670
5523P38C-O (Black),671
5523P38C-O (Off White),669
5524C14C,772
5524P14C,791
5524P16C,792
5524P20C,772
5524P36C-O,771
5524W16C-2,794
5524W24C-3,774
5524W32C-4,774
5524W41C-5,794
5524W6C-1,774
5526P46-26-612,439
5526P48-30-612,440
5528W25C-3,V4/200
5528W42C-5,V4/200
5530C16C,V4/191
5530C19C,V4/193
5531P26C-8,894
5531P29C-11,893
5532C16C (Black),670
5532C16C (Dark Purple),V4/60
5532C19C (Black),670
5532C19C (Dark Purple),V4/60
5532C19C (Off White),668
5532C22C (Black),670
5532C22C (Dark purple),V4/60
5532C22C (Off White),668
5532P16C (Off White),668
5532P19C (Black),670
5532P19C (Brown),V4/56
5532P19C (Dark Purple),V4/60
5532P19C (Off White),668
5532P19C (Rose Red),V4/52
5532P22C (Black),669
5532P22C (Brown),V4/56
5532P22C (Dark Purple),V4/60
5532P22C (Off White),668
5532P38C-O (Black),670
5532P38C-O (Dark Purple),V4/59
5532P38C-O (Off White),667
5532W21C-2 (Beige),V4/63
5532W21C-2 (Black),671
5532W21C-2 (Off White),672
5532W21C-2 (White),V4/66
5532W32C-3 (Beige),V4/63
5532W32C-3 (Black),671
5532W32C-3 (Off White),672
5532W43C-4 (Beige),V4/63
5532W43C-4 (Black),671
5532W43C-4 (Off White),672
5532W43C-4 (White),V4/66
5532W54C-5 (Beige),V4/63
5532W54C-5 (Black),671
5532W54C-5 (Off White),672
5532W54C-5 (White),V4/66
5532W9C-1 (Beige),V4/63
5532W9C-1 (Black),671
5532W9C-1 (Brown),V4/64
5532W9C-1 (Dark Purple),V4/61
5532W9C-1 (Off White),672
5532W9C-1 (Rose Red),V4/66
5532W9C-1 (White),V4/66
5534C19C Black,630
5534C19C White,628
5534C23***WHITE SHADE***,
5534C23C Black,630
5534C23C White,628
5534P19C Black,630
5534P19C White,628
5534P23C Black,630
5534P23C White,628
5534P41C Black,629
5534P41C White,627
5535P10C-R,636
5535P16C-R,636
5535P16C-RB,632
5535P20C-R,636
5535P20C-RB,631
5535P24C-R,635
5535P24C-RB,632
5535P30C-O,634
5535P46C-O,633
5535P6C-R,636
5535W12C-A,634
5535W8C-A,634
5536P12ST,754
5536P16ST,753
5536P20ST,754
5536P24ST,752
5536P30ST-O,752
5536P34ST-RC,766
5536P40ST-RC,765
5536P46ST-O,751
5536P6ST-R,752
5536W16ST-R-2,756
5536W16ST-S-2,769
5536W25ST-R-3,756
5536W25ST-S-3,769
5536W34ST-R-4,756
5536W34ST-S-4,769
5536W43ST-R-5,770
5536W43ST-S-5,769
5536W9ST-R-1,756
5536W9ST-S-1,769
5540W19C-601,570
5540W19C-606,570
5540W25C-601,570
5540W25C-606,570
5540W5C-601,570
5540W5C-606,570
5549P22C,786
5549P30C,786
5549P38C,786
5549P46C,785
5549P54C,784
5549W10C,784
5549W18C,784
5549W24C,784
5549W6C,784
5553P   socket with wire ,
5553P  canopy with wire and socket,
5553P10-Amber,584
5553P10-Clear,584
5553P10-Smoke,584
5553P11-Amber,584
5553P11-Blue,584
5553P11-Clear,584
5553P12 - Amber (2L),584
5553P12 - Blue (2L),584
5553P12 - Clear (2L),584
5553P12 - Cognac(2L),V4/410
5553P12 - Purple (2L),V4/410
5553P12 - Red (2L),584
5553P12 - Smoke (2L),584
5553P12- Amber,583
5553P12- Blue,583
5553P12- Brown,V4/409
5553P12- Clear,583
5553P12- Red,V4/409
5553P12- Smoke,583
5553P16 -Amber,584
5553P16 -Blue,584
5553P16 -Purple,V4/408
5553P16-Clear,584
5553P16-Cognac,584
5553P16-Smoke,584
5553P7-Amber,583
5553P7-Blue,583
5553P7-Clear,583
5553P7-Cognac,583
5553P7-Purple,561
5553P7-Smoke,583
5555C17SN,554
5555C22SN,553
5555P17SN,554
5555P22SN,554
5556P6C-R (B),V4/116
5556P6C-S-1 (B),V4/118
5556P6C-S-1 (W),V4/118
5556W24C-RC (W),V4/120
5556W32C-RC (W),V4/120
5558C16C,620
5558C20C,619
5558C34C-O,620
5559P14C,505
5559P22C,506
5561C12C Clear,618
5561C16C Clear,618
5561C20C Clear,617
5561C24C Clear,618
5561P26C-O Clear,616
5561P38C-O Clear,615
5561P8C Clear,616
5562C12C Clear,624
5562C16C Clear,624
5562C20C Clear,624
5562C24C Clear,623
5562P26C-O Clear,622
5562P38C-O Clear,621
5562P8C Clear,622
5562W12C-A Clear,608
5562W16C-2 Clear,612
5562W25C-3 Clear,626
5562W33C-4 Clear,626
5562W42C-5 Clear,612
5562W8C-1 Clear,626
5562W8C-A Clear,608
5564W15C-2,793
5564W23C-3,793
5564W31C-4,793
5564W39C-5,793
5564W7C-1,793
5565W19C-2 (Off White),V4/97
5565W28C-3 (Off White),V4/97
5565W38C-4 (Off White),V4/97
5565W48C-5 (Off White),V4/97
5570P11 - Amber,582
5570P11 - Blue,582
5570P11 - Clear,582
5570P11 - Purple,V4/412
5570P7C - Amber,583
5570P7C - Clear,583
5570P7C - Cognac,V4/407
5570P7C - Purple,V4/407
5570P7C - Smoke,583
5571P14C-R,560
5571P14C-S,558
5571P17C-R,560
5571P17C-S,558
5571P21C-R,559
5571P21C-S,557
5572P15C-R(S),V4/271
5572P25C-R(L),V4/280
5572P26C-RC(L),V4/282
5572P41C-RC(L),V4/282
5573P23C-R,609
5606P11C-D (Smoke),V4/400
5606P20C-A Smoke,463
5606P20C-B Smoke,464
5607P19C-E Champagne,V4/402
5607P19C-E Smoke,V4/402
5608P20C-E (Smoke),402
5611P30C-R-7,V4/403
5611P33C-R-6,V4/404
5612C10ST,V4/166
5613C20ST-R,213
5614C11ST,214
5615P18C,490
5615P22C,489
5615P26C-RC,488
5615P42C-RC,487
5615W13C,492
5615W21C,492
5615W29C,492
5615W9C,492
5616P23ST-R,200
5616P27ST-R,199
5617C8ST,54
5618C12ST,54
5618C8ST,54
5619C12ST,54
5622C24GB,456
5622P18C,454
5622P18GB,456
5622P28C,453
5622P28GB,455
5622P39C-RC,V004/040
5622P39GB-RC,456
5622W15C,454
5623P20C,434
5623P22C,434
5623P24C,433
5623P8C,433
5624W12ST,200
5624W16ST,200
5624W24ST,190
5624W32ST,190
5625P28ST-RC,42
5625P32ST-RC,205
5625W5ST,206
5626P22ST-RC,191
5626P26ST-RC,204
5626P31ST-RC,204
5627F11C,524
5627F11G,520
5627P11C,522
5627P11G,519
5627P16C,524
5627P16G,520
5627P20C,522
5627P20G,518
5627P26C,521
5627P26G,517
5627T8C,523
5627T8G,520
5627W12C-A,524
5627W12G-A,520
5628P34ST-2O,193
5629P33ST-O,198
5630P35C,501
5630P37C-O,502
5631P10C-O,498
5631P10C-R,500
5631P17C-R,500
5631P32C-O,499
5631P8C-O,497
5631W20C-RC,500
5632P30ST-RC,34
5633P22ST-O,38
5634P20ST-R,195
5635 Crystal,
5635P20ST-3R (Clear),194
5635P20ST-3R (Cognac),V4/153
5635P21ST-3S (Clear),197
5635P27ST-2O (Clear),196
5635P27ST-2O (Cognac),V4/158
5635P27ST-RC,202
5636P28ST-RC,203
5637P11C,494
5637P24C,496
5637P28C,493
5637P32C,495
5637P45C,494
5638T9ST,200
5640P44C-RC,419
5640W33C,420
5641P16C,422
5641P20C,422
5641P24C,421
5642P30ST-R,201
5643C20ST-R,214
5644C22ST-R,214
5645C20ST-R,214
5647C18C,739
5647C18G,737
5647P24C,740
5647P24G,738
5647P32C,740
5647P32G,736
5647W12C,740
5647W12G,738
5648P19C,392
5648P19G,394
5648P26C,391
5648P26G,394
5648P47C-RC,392
5648P47G-RC,393
5648W7C,392
5648W7G,394
5649P18C,398
5649P21C,397
5649P30C,398
5650C20C,478
5650C24C,476
5650P24C-12L,474
5650P24C-15L,475
5650P32C,474
5650P47C,477
5650W9C-A,476
5652C14C-S,428
5652C21C-S,428
5652P35C-RC,427
5652W14C-2,430
5652W21C-3,430
5652W29C-4,430
5652W36C-5,430
5652W6C-1,430
5653P20C,483
5654P20C,482
5654P40C-RC,481
5654P55C-RC,482
5658P5C (Clear),V4/388
5658P5C (Cognac),V4/388
5658P5C (Smoke),V4/388
5660P25C-RC,V4/389
5665P20-2-103,181
5665P24-2-103,181
5666P18C,396
5666P25C,396
5666P32C,395
5667P18C,400
5667P21C,400
5667P24C,400
5667P28C,399
5674C18C-B,746
5674C18C-W,746
5674C24C-B,746
5674C24C-W,745
5674P18C-B,732
5674P18C-W,732
5674P24C-B,732
5674P24C-W,731
5674W10C-B,734
5674W10C-W,734
5674W24C-B,734
5674W24C-W,734
5683P21-8-190,401
5683P48-10-190,402
5683P9-1-190,402
5683W9-1-190,402
5685P16C,764
5685P20C,764
5685P24C,763
5685W12C,764
5686P18-5-108,326
5686P22-3-108,326
5686P22-6-108,325
5686W9-1-108,325
5687C16-11-101,400
5687P24-16-101,399
5687P30-22-101,398
5687P32-20-101,400
5689P14-6-S-601,585
5689P21-8-601,586
5689P24-12-601,587
5689P35-12-601,586
5689P6-1-S-601,586
5689W18-4-601,587
5689W24-6-601,587
5689W30-8-601,587
5693C5-1-615,563
5695C18-6-601,568
5695P18-6-601,568
5695P25-9-601,592
5695P32-12-601,591
5695P35-8-601-RC,590
5695P36-20-601-S,569
5695P36-8-601-O,590
5695P45-10-601-O,590
5695P46-10-601-RC,589
5695W8-2-601,592
5700 AMBER CRYSTAL,
5700 CLEAR CRYSTAL,
5700P10-3-613,602
5700P11-4-613,576
5700P15-4-613,580
5700P16-2-613,578
5700P16-8-613,576
5700P20-8-613,602
5700P21-8-613,599
5700P22-8-613,601
5700P23-4-613,578
5700P29-12-613,580
5700P30-4-613,602
5700P42-6-613,600
5700P6-2-613,602
5700W25-3-613,600
5700W26-4-613,600
5700W31-4-613,578
5700W9-2-613,600
5702C14C-S,431
5702C21C-S,432
5702W21C-3,432
5702W36C-5,432
5702W6C-1,432
5704P16-1-601-A,192
5704P16-1-601-B,192
5704P20-1-601,190
5704P20-2-601,189
5998/0000/25,
6 Pendent canopy,
6601C12C,824
6601C12C-S,818
6601C14C,824
6601C16C,824
6601C16C-S,818
6601C18C,828
6601C20C,828
6601C24C(H:35),826
6601C24C(H:47),826
6601C24C(H:68),825
6601C24C-S,818
6601C28C,828
6601C32C-12,827
6601C32C-16,823
6601C32C-S,817
6601C36C,824
6602C24C,845
6602C32C,846
6603C10C,834
6603C12C,830
6603C14C,834
6603C16C(H:35),832
6603C16C(H:47),830
6603C20C(H:35),834
6603C20C(H:59),830
6603C22C (H:96),832
6603C24C(H:110),831
6603C24C(H:67),833
6603C24G(H:67),V4/297
6603C32C ( H:108),829
6603C32C ( H:144),832
6604C35C,836
6605C26C-RC,864
6606C10C,822
6606C14C,822
6606C18C,822
6606C20C,822
6606C24C,822
6606C32C,821
6607C10C,868
6607C14C,840
6607C16C (H:48),840
6607C20C,868
6607C24C(H:35),839
6607C24C(H:48),867
6607C32C(H:59),840
6608C18C,838
6608C24C(H:70),838
6608C47C,838
6609C24C,837
6610C36C,844
6611C37C,843
6612C24C,842
6613C26C,842
6614C16C-R,880
6614C20C-S,882
6614C22C-R,880
6614C32C (H:98),851
6614C32C-R (H:32),852
6614C32C-S,882
6615C32C,853
6616C24C,854
6617C32C,882
6618C32C,854
6622C24C,878
6625C26C-S,850
6626C32C-RC,849
6627C26C,819
6627C32C,820
6628C26C,820
6629C24C,835
6629C26C,835
6630C35C,836
6640P18C-O,848
6640P32C-O,847
6640P47C-O,848
6692/21.5cm,
701/20mm (K9) clear,
701/30mm (K9) Champagne,
701/30mm (K9) clear,
701/30mm (K9) SMOKE,
701/40MM (K9),
701/40MM (K9) CHAMPAGNE,
701/40MM (K9) SMOKE,
7102P16-1-104,187
7102P16-1-171,187
7102P7-1-104,188
7102P7-1-171,188
7102P8-1-104,188
7102P8-1-171,188
7103C18-1-104,186
7103C18-1-167,186
7103C24-1-104,186
7103C24-1-167,185
7103P18-1-104,184
7103P18-1-104-A,184
7103P18-1-167,184
7103P18-1-167-A,183
7103P24-1-104,184
7103P24-1-104-A,184
7103P24-1-167,184
7103P24-1-167-A,184
7106C17-1-177,182
7106P17-1-177,182
7109T9-103,181
7111P27-101,178
7111P27-103,178
7111P50-101,177
7111P50-103,178
7112P24-103,180
7112P31-103,179
7113T9-103,181
7114P18-2-103,64
7114P18-4-103,63
7114P29-3-103,64
7114P32-4-103,64
7117P3-1-101-A,222
7117P3-1-101-B,222
7118C13-1-101,72
7119/ 2-way spliter ,V8/46
7119/ 3-way spliter ,V8/46
"7119/40""",V8/46
"7119/80""",V8/46
7119C13-1-101,72
7121P12-3-601,2
7121P14-9-601,1
7121P15-3-601,3
7121P20-4-601,6
7121P22-13-601,2
7121P28-5-601,6
7121P30-7-601,4
7121P38-12-601,4
7121P6-1-601,5
7122P12-3-601,8
7122P14-16-601,7
7122P15-3-601,10
7122P20-4-601,8
7122P28-5-601,9
7122P31-12-601,8
7122P38-7-601,10
7122P6-1-601,10
7143P33-2-132,103
7143P39-4-132,104
7145P25-1-253-RC,106
7145P25-1-266-RC,106
7145P36-1-253-RC,106
7145P36-1-266-RC,106
7145P47-1-253-RC,105
7145P47-1-266-RC,106
7146W12-101,108
7146W12-103,108
7147W12-103,108
7147W18-103,108
7148W4-101-S,108
7148W4-103-S,108
7148W5-101-R,108
7148W5-103-R,108
8001C10C,970
8001C10G,972
8001C12C,970
8001C12G,970
8001C14C,972
8001C14G,972
8001C18C,970
8001C18G,970
8001C20C,972
8001C20G,972
8001C24C,972
8001C24G,972
8001C28C,971
8001C28G,970
8001C36C,969
8001F18C,975
8001F18G,976
8001P14C,968
8001P14G,968
8001P18C,966
8001P18G,967
8001P20C,966
8001P20G,968
8001P24C,966
8001P24G,966
8001P28C,965
8001P28G,965
8001P30C,962
8001P30G,962
8001P32C,968
8001P32G,968
8001P36C,964
8001P36G,964
8001P42C,963
8001P42G,963
8001P50C,961
8001P54C,910
8001T14C,976
8001T14G,976
8001W12C-A,974
8001W12C-B,974
8001W12G-A,974
8001W12G-B,971
8002C10C,939
8002C10G,941
8002C12C,939
8002C12G,942
8002C14C,939
8002C14G,942
8002C16C,940
8002C16G,941
8002C24C,940
8002C24G,941
8002P12C,937
8002P16C,940
8002P22C,938
8003C10C,982
8003C12C,982
8003C14C,982
8003C16C,982
8003C18C,982
8003C20C,982
8003C24C,980
8003C30C,980
8003C36C,980
8003C8C,982
8003P12C,979
8003P18C,977
8003P22C,978
8003P30C,978
8004     (-A)   76MM crystal only,
8004P30C-A (Clear),950
8004P30C-B (Clear),950
8004P36C-A (clear),950
8004P36C-B (clear),950
8004P44C-A ( Clear ),951
8004P44C-B ( Clear ),952
8004W20C-A (Clear),988
8004W20C-B (Clear),988
8004W25C-A (clear),952
8004W25C-B (clear),952
8004W30C-A (Clear),952
8004W30C-B (Clear),952
8004W36C-A (Clear),990
8004W36C-B (Clear),990
8004W44C-A (Clear),990
8004W44C-B (Clear),990
8005C12C-R,992
8005C12C-S,994
8005C14C-R,991
8005C14C-S,994
8005C16C-R,992
8005C16C-S,993
8005C20C-R,992
8005P12C-S,976
8005W26C-RC,990
8005W30C-RC,990
8005W5C-R,988
8005W6C-R,988
8006C24C-R,989
8006P20C-R,990
8006P24C-R,990
8007W5C,996
8007W7C,996
8008C12C,950
8008C14C,950
8008C14G,950
8008C22C,949
8008C22G,950
8008P16C,948
8008P21C,948
8008P24C,947
8008W10G,948
8010C16C,998
8010C20C,997
8010P20C,998
8010P24C,998
8010P30C,998
8011C12C,966
8011C9C,966
8011C9G,966
8011P14C,966
8011P16C,966
8011P24C,965
8011P24G,965
8012C12C,1002
8012C12G,1002
8012C16C,1002
8012C16G,1000
8012C20C,1000
8012C20G,1000
8012P12C,1001
8012P20C,1000
8012P20G,1000
8012P24C,999
8012P24G,999
8012P8C,1002
8012W8C,1002
8013C18C,V5/50
8013P24G,V5/50
8015C9C-R,956
8015P9C-R,956
8017P16G,V5/95
8017W11C,958
8017W11G,V5/96
8019P20C,944
8019P24C,944
8019P24G,944
8019P28C,943
8019P28G,944
8020P32C,V3/152
8021W11C,958
8021W11G,970
8023P24C-6,904
8023P24G-6,904
8023P30C,903
8023P30G,903
8024P9C,958
8024W9C,958
8030P18C-S,948
8030P26C-RC,948
8030P30C-RC,947
8031C12C-R,985
8031P20C-R,986
8031P24C-R,986
8031P30C-RC,983
8031P36C-O,984
8031W5C,988
8031W7C,988
8038C10C-S,1006
8038C12C-R,1006
8038C14C-R,1006
8038C14C-S,1005
8038C18C-S,1006
8040 long crystal,
8040C10C,933
8040C12C,927
8040C14C,927
8040C16C,934
8040C20C,934
8040C24C,928
8040C26C,927
8040C30C,934
8040P16C,932
8040P20C,932
8040P24C,932
8040P30C,932
8040P36C,931
8040W11C-A,930
8040W11G-A,V5/22
8040W12C-B,936
8040W16C-A,936
8041P10C-S,1003
8041P12C-S,1004
8041P14C-S,1004
8041P16C-S,1003
8041P20C-S,1004
8268P18C-5 (Clear),V5/150
8268P18C-5 (Pink),906
8268P22C-5 (Clear),906
8268P22C-6(Pink),1032
8268P22C-6-A,905
8268P22C-6-B,906
8272P14C-4 (Black),1035
8272P14C-4 (Clear),1036
8272P14C-4 (Pink),1036
8273P14C-4 (clear),908
8274P14C-4,1036
8275P14C-4 (Clear),907
8276P14C-4 (Clear),907
8311  boobech  clear,
8311  boobech  Cognac,
8311P12C-3,876
8311P24C-9 (Clear),877
8311P24C-9 (Smoke),877
8311P30C-13 (Clear),878
8311P30C-13 (Cognac),878
8311P30C-13 (Smoke),878
8311P32C-19 (Clear),875
8311P32G-19 (Clear),875
8311P36C-34,876
8311P60C-31 (Clear),873
8311P64C-55 (Clear)-B,874
8312P28C-8 (Clear),890
8312P28C-8 (Cognac),890
8312P28C-8 (Smoke),890
8312P32C-10 (Clear),889
8312P32C-10 (Smoke),889
8318P22C-6 (Clear),1005
8318P22C-6 (Smoke),1005
8318P30C-19 (Clear),884
8318P30C-19 (Smoke),884
8318P36C-25 (Clear),885
8318P36C-25 (Smoke),1005
8318P42C-33 (Clear),883
8318P42C-33 (Smoke),883
8318P50C-41 (Clear)-B,882
8318P60C-49 (Clear)-A,882
8318P70C-84 (Clear)-A,881
8318W12C-2 (Clear),886
8318W12C-2 (Smoke),886
8318W12C-3 (Clear),886
8318W12C-3 (Cognac),886
8318W12C-3 (Smoke),886
8318W12C-5 (Clear),886
8318W12C-5 (Smoke),886
8318W12G-3,886
8318W5C-1 (Clear),886
8318W5C-1 (Smoke),886
8319P32C-8 (Clear),887
8319P36C-19 (Clear),888
8319P42C-25 (Clear),888
8392P24C-6,872
8392P28C-8,871
8392P35C-18,898
8393P24C-6 ( Cognac),892
8393P24C-6 ( Smoke),892
8393P28C-8 (Cognac),892
8393P28C-8 (Smoke),892
8393P39C-18 (Black),891
8393P39C-18 (Cognac),891
8394P23C-6,870
8394P28C-9,870
8394P30C-8,870
8394P33C-12,869
8397P18C-4(Clear),894
8397P18C-4(Smoke),894
8397P20C-4 (Clear+Black),901
8397P20C-4 (Clear+White),902
8397P24C-6(Clear),893
8397P24C-6(Smoke),893
8397P27C-6 (Clear+Black),902
8397P27C-6 (Clear+White),902
8397P30C-12 (Clear),1026
8397W12C-2(Clear),894
8397W12C-2(Smoke),1016
8397W5C-1(Clear),894
8398P24C-5(Clear),1012
8398P24C-5(Smoke),1012
8398P32C-9 (Clear),1012
8398P32C-9 (Smoke),1012
8398P44C-19 (Clear),899
8398P44C-19 (Smoke),1011
8399P22C-5 (Clear),898
8399P22C-5 (Smoke),898
8399P26C-6 (Clear),897
8399P26C-6 (Smoke),897
8399P28C-8 (Clear),1017
8399P32C-10 (Clear),896
8399P32C-10 (Smoke),896
8399P32C-15 (Clear),1021
8399P32C-15 (Smoke),1021
8399W12C-2 (Clear),898
8399W12C-2 (Smoke),898
8399W5C-1 (Clear),898
8399W5C-1 (Smoke),898
8400P18C-3,900
8400P20C-4,902
8400P28C-12,901
8400W14C-2,902
8412P18C-5 (Clear),1023
8412P30C-12 (Clear),1023
8412P32C-15 (Clear),1023
8415P26C-6 (Smoke),1028
8415P34C-10 (Smoke),1027
8418C14C-4(Clear),900
8418C14C-4(Cognac),900
8418C14C-4(Smoke),900
8418C20C-6(Clear),900
8418C20C-6(Cognac),900
8418C20C-6(Smoke),900
8421C16C,1010
8421C20C,1009
8421P18C,1008
8421P22C,1008
8421P24C,1008
8421P28C,1007
8421W12C,1010
"873/2.5"" CLEAR  K9 ",
"873/2.5"" SMOKE  K9 ",
"873/3"" CLEAR  K9 ",
90-180CBP5668CM,
90-180FMX10803PM,
90-180FMX10805PM,
90-180FMX10806PM,
90-180FMY3131PCM,
"911/2.0"" clear",
"911/2.0"" Smoke",
"911/2.0"" with 1 of the 14mm",
"911/2.5"" clear",
"911/2.5"" Smoke",
"911/3.0"" clear",
944/50,
944/63,
945/50,
945/63,
9600P15-1-101,345
9600P18-1-101,346
9600P20-1-101,346
9601P12-1-101,450
9601P12-1-101-A,236
9601P31-4-101,450
9601P31-4-101-A,235
9601P36-5-101,450
9601P42-6-101,449
9601P42-6-101-A,236
9602P14-1-601,351
9602P14-1-604,352
9602P16-1-101,353
9602P16-1-187,236
9602P16-1-601,352
9602P16-1-604,352
9603P13-1-101,322
9603P13-1-128,212
9603P17-1-101,322
9603P17-1-128,212
9603P20-1-101,322
9603P20-1-128,212
9605C13-1-101,338
9605P13-1-101,338
9605P46-3-101,337
9605P8-1-101,338
9606C19-5-101,278
9606C19-5-128,278
9606C19-5-130,278
9606F20-5-101,279
9606F20-5-128,279
9606F20-5-130,279
9606P18-5-101,150
9606P18-5-128,150
9606P18-5-130,150
9606T18-5-101,150
9606T18-5-128,150
9606T18-5-130,150
9606W12-3-101,150
9606W12-3-128,150
9606W12-3-130,150
9606W19-5-101,V6/112
9606W22-5-101,V6/112
9607P28-6-101,286
9607P28-6-126,154
9607P4-1-101,288
9607P4-1-126,156
9608P31-9-101,285
9608P31-9-126,285
9608P6-1-101,287
9608P6-1-126,287
9609P33-6-101,286
9609P33-6-126,154
9609P6-1-101,288
9609P6-1-126,156
9610P28-6-101,289
9610P4-1-101,290
9610W6-2-101,290
9611P11-1-101,340
9611P11-1-126,340
9611P11-1-128,340
9611P14-1-101,340
9611P14-1-126,340
9611P14-1-128,340
9611P18-1-101,340
9611P18-1-126,340
9611P18-1-128,340
9612P11-1-128,340
9612P15-1-128,339
9612P18-1-128,340
9613C18-4-101,274
9613C18-4-126,274
9613P10-4-101,273
9613P10-4-126,274
9613W4-1-101,274
9613W4-1-126,274
9614P39-10-101,335
9616P27-6-130,163
9616P28-6-130,162
9617P22-6-130,164
9618P30-12-130,161
9619P13-1-601,239
9620P78-6-101,292
9620P78-9-101,291
9621P12-3-101,326
9621P17-4-101-A,325
9621P22-6-101,326
9621P26-9-101,326
9623P10-1-132,579
9623P14-1-132,580
9623P16-1-132,580
9624C23-3-101,290
9624W10-2-101,290
9625P16-1-101,280
9625P20-1-101,280
9629P12-1-101,362
9629P16-1-101,362
9630P7-1-101,362
9631P10-1-101,361
9632P15-1-101,361
9633P16-1-101,361
9634P25-6-101,541
9634P25-6-604,510
9634P25-6-606,510
9634P28-8-101,542
9634P28-8-604,510
9634P28-8-606,510
9635P5-1-101,344
9636P8-1-101,228
9637P11-1-101,227
9638P10-1-101,344
9638P7-1-101,344
9640P10-1-101,224
9640P14-1-101,224
9640P16-1-101,224
9641P17-3-101,320
9641P17-3-128,320
9641P20-4-101,319
9641P20-4-128,320
9642P7-1-101,344
9643P11-601,240
9644P11-3-101,575
9644P11-3-604,576
9647P14-3-101,549
9647P14-3-601,550
9647P14-3-606,550
9648P22-3-Black,V7/190
9648P22-3-White,V7/190
9648P47-3-White,V7/189
9649P23-3-Smoke,557
9649P47-3-Blue,558
9649P47-3-Clear,558
9649P47-3-Cognac,558
9649P47-3-Smoke,558
9649P47-3-White,558
9649P9-1-Blue,580
9649P9-1-Clear,580
9649P9-1-Cognac,580
9649P9-1-Smoke,580
9650P16-1-101,343
9666P10-1-142,360
9666P10-1-143,360
9668P13-6-S-101,208
9668P14-3-S-101,207
9670P11-1-101,336
9670P14-1-101,336
9671P25-6-101,312
9671P32-10-130,312
9671P32-8-101,313
9671P33-14-101,311
9671P33-8-101,312
9671P49-18-RC-101,314
9688C14-2-171,562
9688C14-2-172,562
9688C19-3-171,561
9688C19-3-172,562
9693P26-3-187,294
9694P22-2-187,296
9694P35-4-187,295
9694W22-4-187,296
9694W22-4-188,V7/162
9695P14-3-186,216
9695P19-4-186,216
9696P14-3-101,333
9696P14-3-601,336
9696P14-3-604,V7/13
9696P20-3-101,334
9696P20-3-601,335
9696P20-3-604,V7/14
9696P25-5-101,334
9696P25-5-601,336
9696P25-5-604,V7/14
9697  crystal strands,
9697P11-4-192,416
9697P14-4-192,418
9697P17-6-192,418
9697P20-6-192,418
9697P36-4-192,416
9697W16-3-192,416
9698P35-7-187,294
9699P25-3-101,298
9699P25-3-194,298
9699P41-6-101,298
9699P41-6-194,297
9700P15-2-197,242
9700P15-6-197,242
9700P18-3-197,242
9700P22-5-197,244
9700P36-4-197,241
9700P7-1-197,243
9700W16-2-197,244
9700W24-3-197,244
9700W6-1-197,244
9701P15-1-101,V7/132
9702P31-6-130,190
9702P36-6-130,
9702P36-8-130,189
9703P24-6-130,190
9705P24-9-130,188
9706P17-4-101,317
9706P21-5-101,317
9707W8-187,180
9707W8-189,180
9708P20-3-101,215
9712P41-6-187,293
9714P12-3-101,428
9714P12-3-606,426
9714P12-3-616,424
9714P17-3-101,428
9714P17-3-606,426
9714P17-3-616,423
9714P24-5-101,427
9714P24-5-606,425
9714P24-5-616,424
9714T12-3-101,428
9715P13-1-182,381
9715P23-3-182,382
9715W11-1-182,382
9717P24-12-187,302
9718P22-2-210-B,310
9718P22-3-210-A,310
9719P20-2-187,304
9720P30-4-211,305
9721P17-4-187,306
9722P25-4-211,303
9723P35-7-211,299
9724P23-4-210,306
9725P20-4-211,300
9726P20-4-187,302
9726W6-1-212,302
9727P13-4-211,174
9727T13-2-211,174
9727W9-1-210,174
9728W13-2-210,304
9729P9-1-101,318
9730P14-1-212,309
9731P16-1-101,318
9732P16-1-101 (9731P32-1-101),V7/132
9733F15-1-212,307
9734W30-3-212-A,308
9735W15-2-101,357
9735W24-3-101,358
9735W7-1-101,358
9736W32-2-210,176
9737W24-2-187,306
9738W13-2-187,306
9739W15-2-187,172
9740P29-3-101,316
9740P34-3-101,315
9741P14-1-101,V7/130
9742P17-1-101,316
9744P15-2-219,227
9745P20-5-219,228
9745P24-3-219,226
9745P26-7-219,228
9745P32-5-219,225
9745P44-7-219,226
9746P21-4-219,88
9746P28-9-219,87
9746W7-1-219,88
9747W8-2-219,78
9748P22-4-101,112
9748P28-5-101,112
9748P35-6-101,111
9748P42-3-101,250
9748P59-4-101,249
9748W33-3-101,250
9749P15-8-101,405
9749P24-8-101,406
9749P24-8-225,404
9749P29-8-225,403
9749P29-8-228,407
9750P6-1-101,355
9751P6-1-101,355
9752P6-1-101,355
9753P12-1-101,356
9754P12-1-101,356
9755P12-1-101,356
9759P20-1-236,324
9760P12-1-101,350
9760P37-2-101,350
9760P50-3-101,350
9800W4-1-606,V4/380
9801C12-1-601,544
9801C12-1-604,V4/374
9801P12-1-601,544
9801P12-1-604,V4/374
9801P12-1-606,V4/374
9801P12-1-O-601,543
9801P12-1-O-604,V4/373
9801P16-1-601,544
9803W14-2-119,V6/32
9804P12-1-115-A,V6/84
9804P12-2-115,V6/84
9804P14-1-S-115,V6/84
9804P16-2-115,V6/84
9805C19-3-113,328
9805P30-5-113,328
9805P30-6-113,328
9805P46-12-113,328
9805P50-10-113,327
9807C14-3-116,514
9807C21-5-116,516
9807P18-3-116-A,471
9807P18-6-116,472
9807P21-5-116-A,514
9807P39-6-116,513
9807P9-1-116,515
9807W13-2-116,516
9808W33-4-101,V6/50
9808W6-1-101,V6/50
9809C10-3-109,448
9809P11-4-109,448
9809P17-12-109-A,447
9809P9-3-109,448
9810P22-3-601,484
9810P27-5-601,525
9810P37-9-601,526
9810P8-1-601,526
9810W8-1-601,526
9811P10-3-604,540
9811P10-3-606,540
9811P10-3-613,540
9811P16-4-604,540
9811P16-4-606,540
9811P16-4-613,540
9811P22-5-604,540
9811P22-5-606,540
9811P22-5-613,540
9811P28-6-604,539
9811P28-6-606,539
9811P28-6-613,539
9812P22-3-601-B,V4/338
9813W17-2-601,V6/39
9813W17-2-606,V6/39
9813W25-3-601,V6/39
9813W25-3-606,V6/39
9813W31-4-601,V6/39
9813W31-4-606,V6/39
9814P17-3-120,V6/24
9815P30-3-101,V6/146
9816W24-3-606,V4/348
9816W33-4-606,V4/348
9817P16-6-121,334
9817P19-9-121-B,333
9817P29-9-121,334
9821P7-1-606,V6/38
9821W38-4-606,V6/38
9822P22-3-124,V6/16
9822P28-5-124,V6/14
9822P8-1-124,V6/16
9822W8-1-124,V6/14
9824W19-2-131,V6/10
9824W36-4-131,V6/10
9825P24-6-101,354
9827C18-4-101,436
9827M37-1-101,
9827P11-2-101,434
9827P14-4-101,435
9827P18-6-101,432
9827P26-8-101,431
9827P30-12-101-A,432
9827P30-6-101,434
9827P38-12-101,434
9827P38-8-RC-101,433
9827W21-3-101,436
9827W5-1-101,434
9832P11-3-106,468
9832P15-3-106,465
9832P18-4-106,466
9832P22-6-106,512
9832P8-2-106,512
9832W8-1-106,512
9835C16-3-605,510
9835P16-605,508
9835P18-8-605,462
9835P18-8-605-A,462
9835P20-4-605,509
9835P24-605,510
9835P36-8-RC-605,508
9835W9-2-605,508
9836C14-3-125,908
9836C17-4-125,908
9836P13-3-125,908
9836P17-4-125,859
9836P28-6-125,858
9836P37-12-125,585
9836P8-1-125,860
9836W12-3-125,860
9836W6-1-125,860
9838P21-2-S-129,474
9838P41-4-RC-129,473
9838W8-1-RC-129,474
9840P17-4-161,408
9840P25-6-161,407
9840P31-9-161,406
9840P36-8-161,406
9840P8-1-161,408
9842P14-3-184,404
9842P19-6-184,403
9842W24-3-184,404
9842W31-4-184,404
9842W6-1-184,404
9845P10-101,226
9845P28-5-101,V6/54
9845P9-101,226
9847P20-3-101,330
9847P24-6-101,330
9847P28-8-101,329
9847W10-2-101,331
9847W17-3-101,332
9847W25-4-101,332
9847W32-5-101,332
9847W5-1-101,332
9848C16-3-601 (Black),494
9848C16-3-601 (White),490
9848C24***Black SHADE**,
9848C24***White SHADE**,
9848C24-6-601 (Black),532
9848C24-6-601 (White),530
9848C30***White SHADE**,
9848C30-8-601 (White),530
9848F16-1-601 (Black),492
9848P24***BLACK SHADE**,
9848P24***White SHADE**,
9848P24-6-601 (Black),532
9848P24-6-601 (White),528
9848P30***BLACK SHADE**,
9848P30***White SHADE**,
9848P30-8-601 (Black),531
9848P30-8-601 (White),527
9848P7-1-601 (Black),532
9848P7-1-601 (White),528
9848W6-1-601 (Black),532
9848W6-1-601 (White),528
9849P21-4-601 (Clear)-B,516
9849P22-4-601 (Clear)-A,516
9851P22-6-601,547
9851P28-9-601,545
9851P5-1-601,548
9851W14-2-601,548
9851W24-3-601,548
9851W34-4-601,546
9851W43-5-601,546
9851W5-1-601,548
9853P21-4-195,386
9853P27-8-195,385
9853W14-2-195,386
9855C14-2-133,374
9855P15-5-133,374
9855P20-5-133,373
9855P6-1-133,374
9855W6-1-133,374
9858P14-4-S-101,366
9858P15-3-101,367
9858P15-6-101,368
9858P22-3-101,368
9858P27-6-101,446
9858P27-6-RC-101,446
9859P22-6-601,546
9859P22-6-601,546
9859P22-6-606,546
9859P22-6-606,546
9860 / crystal panel,
9860F19-8-101,374
9860P19-8-101,372
9860P31-12-101,374
9860P42-12-101,373
9860P43-18-101,371
9860P55-14-101,372
9860T19-8-101,372
9861C20-6-101,390
9861C32-12-101,266
9861F18-6-101,390
9861P12-4-101,266
9861P20-6-101,390
9861P32-12-101,266
9861P40-10-101,388
9861P50-14-101,387
9861T18-4-101,268
9862/50mm clear,
9862F20-5-101,380
9862P12-3-101,382
9862P20-5-101,382
9862P20A-5-101,262
9862P28-10-101,263
9862P32-8-101,381
9862P36-16-101,260
9862P41-6-101,379
9862P51-7-101,380
9862P61-8-101,264
9862T16-4-101,380
9866P12-1-101,V6/88
9869P32-8-606,V6/60
9869W14-2-606,V6/60
9869W5-1-606,V6/60
9877P35-8-606,V6/54
9885C21-5-183,414
9885P11-1-183,414
9885P17-3-183,414
9885P25-8-183,413
9885P28-12-183,316
9885P36-16-183,317
9885W13-3-183,414
9886P13-3-101 Amber,V6/144
9887P14-6-182,380
9887P16-9-182,380
9887P22-12-182,379
9888C16-3-122,264
9888P16-3-122,266
9888P16-4-122,264
9888P23-6-122,265
9888P25-8-122,263
9888W10-3-122,264
9888W30-4-122,266
9888W9-1-122,266
9889P20-4-101,234
9889P24-6-101,234
9889P28-4-RC-101,234
9889P41-6-RC-101,233
9891P11-12-183,412
9891P11-8-183,411
9891P14-4-183,410
9891W11-2-183,410
9894P20-4-224,314
9894P29-10-224,313
9894P29-6-224,314
9894W17-3-224,314
9894W32-5-224,314
9898P14-6-101,184
9898P16-9-101,184
9899P18-6-101,V6/90
9900P24-5-601,312
9900P40-9-601,312
9900P48-11-601,311
9900W10-2-601,312
9901C21-3-185,262
9901P20-6-185,126
9901P22-6-185,130
9901P24-6-185,261
9901P26-8-185,132
9901P27-8-185,130
9901P28-8-185,125
9901P32-8-185,131
9901P36-10-185,126
9901P42-8-185,262
9901P7-1-185,262
9901W13-2-185,128
9901W21-3-185,128
9901W29-4-185,128
9901W7-2-185,262
9903C18-5-193,378
9903P10-7-193,274
9903P14-10-193,270
9903P24-12-193,272
9903P30-18-193,377
9903P44-21-193,376
9903P6-3-193,378
9903W10-3-193,378
9903W24-4-193,378
9904C16-3-101,232
9904C20-5-101,232
9904P12-1-101,232
9904P16-2-101,230
9904P20-4-101,231
9904P30-5-101,229
9906P16-6-208,384
9906P31-8-208,384
9907P12-4-206,278
9907P16-6-206,278
9907P20-8-206,278
9907P27-6-206,277
9907P38-8-206,279
9907W10-2-206,278
9907W16-4-206,280
9907W22-6-206,280
9907W28-8-206,280
9908C18-3-606,298
9908P10-3-606,292
9908P20-5-606,291
9908P21-5-606,296
9908P24-12-606,294
9908P26-6-606,292
9908P27-5-606,294
9908P28-5-606,296
9908P36-10-606,295
9908P40-6-606,293
9908W10-2-606,296
9908W26-4-606,298
9908W34-6-606,298
9909P24-6-192,452
9909P28-6-192,378
9909P30-8-192,451
9909P37-8-192,377
9909W16-2-192,376
9909W24-3-192,452
9909W36-4-192,376
9909W6-1-192,452
9910P49-21-199,369
9910P49-21-200,369
9910P49-21-601,880
9910P58-24-199,370
9910P58-24-200,370
9910P58-24-601,879
9912P11-3-604,571
9912P15-6-604,572
9913P10-1-205,268
9913P19-3-205,268
9913P25-4-205,267
9913W10-1-205,268
9914C16-3-204,260
9914P15-4-204,124
9914P22-4-204,260
9914P32-6-204,259
9914W20-3-204,122
9914W6-1-204,124
9914W7-1-A-204,122
9914W7-1-B-204,260
9915T Shade,
9915T14-1-606,564
9916C15-3-213,444
9916P18-4-213,444
9916P28-8-213,443
9916W6-1-213,444
9916W7-1-213,444
9917P10-3-601,574
9917P16-6-601,573
9918P16-4-123,204
9918P23-8-123,203
9919C16-4-606,394
9919P16-4-606-A,394
9919P16-4-606-B,393
9919P16-4-606-C,394
9920P15-3-214,442
9920P18-4-214,441
9920W11-2-214,442
9920W22-3-214,442
9920W5-1-214,442
9921P15-3-193,438
9921P18-4-193,438
9921P23-5-193,437
9921W5-1-193,438
9924P13-4-S-215,254
9924P23-8-S-101,253
9924P38-7-S-101,254
9925P12-1-216,349
9925P16-1-216,350
9925P16-3-216,350
9925P26-5-216,347
9925P32-6-216,348
9925P9-1-216,350
9926P22-6-220,328
9926P25-6-220,327
9926P31-8-220,328
9926W12-2-220,328
9927P22-4-218,458
9927P24-6-218,457
9927P27-6-218,459
9927P48-10-218,460
9927W10-2-218,458
9929P20-5-601,600
9929P26-6-601,599
9929P34-10-601,600
9929P8-1-601,600
9929W18-2-601,600
9930C16-3-209,430
9930C6-1-209,346
9930P15-4-209,344
9930P22-4-209,430
9930P6-1-209,346
9930W6-2-209,430
9935P12-1-182,396
9935P14-3-182,396
9935P19-6-182,395
9936P16-4-223,104
9936P24-6-223,104
9936P37-5-223,104
9936P50-6-223,103
9937P14-3-219,224
9937P18-4-219,224
9937P24-6-219,224
9937P35-6-219,224
9937P47-6-219,223
9938P19-3-101,246
9938P23-6-101,246
9938P32-4-101,246
9938P35-5-101,100
9938P46-6-101,245
9940P21-6-243,248
9940P25-9-243,248
9940P43-12-243,247
9942P10-1-101-A,578
9942P10-1-101-B,578
9942P10-1-101-C,577
9942P10-1-101-D,577
9942P7-1-101,577
9942P8-1-101,578
9945P13-1-101,324
9945P13-1-101C,324
9945P17-3-101,323
9946P17-1-101,324
9948P12-1-242,348
9948P12-1-601,348
9948P52-3-242,347
9948P52-3-601,348
9950P16-3-221,454
9950P21-5-221,453
9950P26-6-221,454
9951P15-1-606,534
9951P16-3-606,534
9951P19-6-606,534
9953P20-6-606,533
9954P13-1-101,240
9954P16-3-101,240
9954P16-8-101,238
9954P20-5-101,239
9954P43-5-101,237
9954W8-1-101,238
9955P18-4-242,93
9955P18-8-242,94
9955P8-1-242,94
9957P12-3-601,607
9957P16-4-601,607
9957P20-4-101,608
9957P20-4-601,606
9957P30-6-101,608
9957P30-6-601,606
9957P42-12-101,608
9957P42-12-601,605
9959P34-30-601,462
9959P34-30-617,462
9960C15-3-101-A,252
9960C15-3-101-B,251
9960P12-3-101,252
9960P22-6-101,252
9962C13-2-101,258
9962C18-4-101,258
9962P17-4-101,258
9962P17-5-101,257
9962P9-1-101,258
9963P18-3-207,120
9963P24-5-207,120
9963P40-6-207,119
9964P16-4-101,106
9964P20-5-101,106
9964P43-5-101,105
9964P8-1-101,106
9965C14-3-601,456
9965P18-3-601,456
9965P24-5-601,455
9966C16-3-242,256
9966P23-5-242-A,256
9966P23-5-242-B,255
9969C12-8-601,614
9969C18-7-601,598
9969C24-12-601,598
9969P12-8-601,595
9969P18-5-601,613
9969P18-7-601,597
9969P24-12-601,612
9969P30-15-601,611
9969P8-5-601,612
9969W10-4-601,614
9970P19-4-601,588
9970P26-8-601,588
9972P23-8-101,604
9972P23-8-601,604
9972P37-16-101,604
9972P37-16-601,604
9972P47-20-601,603
9973P13-6-101,131
9973P24-10-101,132
9973P28-4-101,132
9973P45-6-101,132
9973P8-1-101,132
9974P16-4-601,496
9974P16-4-608,498
9974P22-5-601,495
9974P22-5-608,498
9974P28-6-601,496
9974P28-6-608,498
9975P10-1-601,594
9975P15-4-601,594
9975P15-6-601,598
9975P20-6-601,594
9975P21-8-601,597
9975P25-8-601,593
9975P27-6-601,596
9975P28-8-601,598
9975P39-8-601,595
9975P9-1-601,598
9975W26-4-601,596
9975W34-5-601,586
9975W9-1-601,596
9976P10-1-107,174
9976P18-4-107,174
9976P24-6-107,173
9976P28-5-107,171
9976P35-6-107,172
9976W8-1-107,174
A19-S24 Edison Bulb,
A70K6500,
Accounting - discount applied,
Additonal Fee,
"ASX001/34""",
"ASX002/34""",
Black chain,
"Black Rods 10mm x 12""",
"Black Rods 12mm x 12""",
black vase,
Black Weight,
BULBS,
Canopy Antique brass,
Canopy Black,
Canopy Chrome,
"Canopy Chrome  large (12"")",
Canopy Gold,
Canopy Gold brass,
Catalogue  2019 supplement-2,
Catalogue 2019 supplement,
CE/2T/146,
CE/3T/201,
Chandelier Parts,
Chargeback,
CLGS005/5,
CLK/MS441C,
CLK/MS441G,
"CLK001/28""",
"CLK007/4/35"" ",
"CLK007/4/35""(GOLD)",
CLK200/29 Plate Gold,
"CLK200/29"" Chrome",
"CLK200/29"" Gold",
"CLK200/29"" Plate Chrome",
"CLK400/38""",
CLK9003-4 Black,
CND013-L-C,
CND013-L-G,
CND013-L-S,
CND013-S-C,
CND013-S-G,
CND013-S-S,
CND101R-L(C),
CND101R-M(C),
CND101R-M(G),
CND101R-S(C),
Cohen-Scalia Fee,
Credit,
Credit Charge back,
"CS8355-10.5""",
"CS8355-34""",
"CS8355-34"" (G)",
"CS8355-38""",
"CS8355-38"" (G)",
"CS8355-40"" (C)",
"CS8355-40"" (G)",
Customs Clearance,
CW20242C,
CW20242G,
Delivery,
Diamond Rhinestones  Silver,
Diamond Rhinestones  White,
E12 40W,
E12 Socket H:43 MM  WITH NO WIRE,
E12 Socket H:88 MM  WITH NO WIRE,
E12 Socket H:88 MM  WITH WIRE,
E12K2700,1011
E26 (40W),
E26 Socket,
E26 sockets with shade nut,
"FLK004/62""(Chrome)",
"FLK004/62""(GOLD)",
FLK100,
FLR-K001,
"FLR-MS441/62""",
"FLR-MS441/62"" (Smoke)",
FLR-MS443/5 Arms,
Freight,
G13 40W,
G4 20W Blue,
G4 SOCKET WITHOUT WIRE,
G4K3000,1011
G4K4000,1011
G9 25W Cool,
G9 25W Warm,
G9 40W Frosted,
G9 40W Warm,
G9 Socket Chrome Cover,
G9 Socket with 1 foot wire,
G9 Socket with 6 foot wire,
G9 Socket without wire,
G9K2700,1011
G9K3000-5W,1011
G9K4000,1011
G9K4000-5W,1011
G9K6000,1011
Gold Chain,
Gold Plate,
GU10 socket with wires coming out of side,
HUD1988  Chrome,
Infrared switch,
"K001-14""(C)",
"K001-14""(G)",
KTL700/36,
LED CHIP,
LED Strip,
LED STRIP ROLLS,
Mounting bar,
MS441-150mm(C),
MS441-150mm(S),
MS441-200mm(C),
MS441-200mm(S),
MS441-250mm(C),
MS441-250mm(G),
MS441-250mm(S),
Oil T-Lights,
Other,
Parts,
PL3000-4-9,
Podium (Chrome),
Podium (Silver),
"Price List CAD (June 1st, 2019)",
"Price List USD (June 1st, 2019)",
QS Floral Floor stand,
QS napkin ring,
QS8353P16C,808
QS8353P20C,808
QS8353P24C,808
QS8353P32C,808
QS8353P40C,807
QS8354/250 Gold,
QS8354/90C with screw,
QS8355-120(C),
QS8355-120(G),
QS8355-120(S),
QS8355-150(C)  SHORT,
QS8355-150(C)  TALL,
QS8355-150mm(S),
QS8355-200mm(C),
QS8355-200mm(S),
QS8355-250mm (G),
QS8355-250mm(C),
QS8355-250mm(C) SHORT,
QS8355-250mm(S),
QS8355-300 (Smoke),
QS8355-300C (CND003H12C),
QS8355-300G (CND003H12G),
QS8355-90(G),
QS8355-90mm(C),
QS8355-90mm(S),
QS8357C12C,812
QS8357C16C,812
QS8357C20C,812
QS8357C24C,811
QS8358C20C,V4/326
QS8370P18C,814
QS8370P22C,814
QS8381P12C-S,806
QS8381P14C-RC,806
QS8381P14C-S,805
QS8387P16C-S,644
QS8387P18C-R,660
QS8387P6C-R,660
QS8388P10C,804
QS8388P11C,803
QS8388P6C,804
QS8388T6C,804
QS8391P14C-S,809
QS8391P18C-S,809
QS8391P24C-S,809
QS8391P39C-RC,810
QS9001T14B,
QS9001T14C,
QS-MB001,
RB-1,V4/425
RB-1 (b),V4/425
RB-11,V4/425
RB-12,V4/425
RB-13,V4/425
RB-13(b),V4/425
RB-14,V4/425
RB-15,V4/425
RB-16,V4/425
RB-17,V4/425
RB-18,V4/425
RB-19,V4/425
RB-2,V4/425
RB-20,V4/425
RB-20(b),V4/425
RB-20(c),V4/425
RB-21,V4/425
RB-21(b),V4/425
RB-22,V4/425
RB-23,V4/425
RB-24,V4/425
RB-25,V4/425
RB-26,V4/426
RB-27,V4/426
RB-28,V4/426
RB-3,V4/425
RB-34,V4/426
RB-35,V4/426
RB-36,V4/426
RB-37,V4/426
RB-38,V4/426
RB-4,V4/425
RB-40,V4/426
RB-41,V4/426
RB-42,V4/426
RB-43,V4/426
RB-44,V4/426
RB-46,V4/426
RB-47,V4/426
RB-48,V4/426
RB-49,V4/426
RB-5,V4/425
RB-50,V4/426
RB-6,V4/425
RB-60,
RB-7,V4/425
RB-8,V4/425
RB-9,V4/425
Rental,
Repairs,
Restocking Fee,
Rhinestone napkin ring,
Sample,
SCA10-101,
SCA10-126,
SCA10-183,
SCA10-190,
SCA10-193,
SCA10-197,
SCA10-206,
SCA10-209,
SCA10-601,
SCA10-606,
shades,
SK004-601,
Socket sleeve melting wax design (AB),
Socket sleeve melting wax design (GB),
Square crystal with 4 holes,
"SSLK/30""",
ST19K2700W4,1011
ST19K2700W8,1011
ST64-SC17 Edison Bulb,
Sunflower,
T300-185 Edison Bulb,
T30-185-H12 Edison Bulb,
T45-SC13 Edison Bulb,
"TS8355-30""",
"TS8355-35""",
"TS8355-39""",
"TS8355-39""(G)",
Votives,
XW899/003,
